Frame,Time_Sec,Center_X,Center_Y,Angle_rad
1,0.0050,234.8483,352.6677,-0.1758
2,0.0100,188.8249,345.7013,-0.1981
3,0.0150,155.6860,340.3934,-0.2142
4,0.0200,119.5032,332.8503,-0.2319
5,0.0250,90.7953,327.3275,-0.2459
6,0.0300,71.3746,323.6738,-0.2555
7,0.0350,56.7580,318.6332,-0.2627
8,0.0400,47.5522,316.8581,-0.2672
9,0.0450,47.4993,317.2371,-0.2673
10,0.0500,53.7511,318.3954,-0.2642
11,0.0550,70.8092,323.6972,-0.2558
12,0.0600,84.8311,328.5662,-0.2489
13,0.0650,115.1898,334.6057,-0.2340
14,0.0700,150.7542,339.7966,-0.2166
15,0.0750,183.3783,345.6510,-0.2007
16,0.0800,228.2982,353.6025,-0.1789
17,0.0850,277.5023,357.5049,-0.1552
18,0.0900,321.5243,361.2992,-0.1340
19,0.0950,374.4954,363.9560,-0.1086
20,0.1000,428.3812,364.2177,-0.0828
21,0.1050,473.9141,362.9924,-0.0611
22,0.1100,525.8921,359.9015,-0.0363
23,0.1150,576.2077,354.3284,-0.0123
24,0.1200,616.9380,351.0194,0.0071
25,0.1250,660.8236,343.1547,0.0280
26,0.1300,700.0801,335.2509,0.0467
27,0.1350,728.6344,328.7769,0.0603
28,0.1400,756.2255,323.3230,0.0735
29,0.1450,777.5502,316.0842,0.0837
30,0.1500,790.5232,313.5962,0.0899
31,0.1550,798.1672,312.3550,0.0935
32,0.1600,800.9653,309.8438,0.0949
33,0.1650,797.2724,313.0073,0.0931
34,0.1700,786.2153,314.6135,0.0878
35,0.1750,768.5353,321.0174,0.0794
36,0.1800,748.8305,326.2019,0.0699
37,0.1850,718.3804,332.3920,0.0554
38,0.1900,682.5052,340.3449,0.0383
39,0.1950,646.9034,346.8688,0.0214
40,0.2000,601.8381,353.1536,-0.0001
41,0.2050,553.9190,358.5149,-0.0229
42,0.2100,508.9240,362.5825,-0.0444
43,0.2150,455.3116,363.6574,-0.0699
44,0.2200,402.6021,364.3739,-0.0951
45,0.2250,355.8732,363.0991,-0.1175
46,0.2300,303.0044,358.6959,-0.1429
47,0.2350,253.2612,355.0363,-0.1669
48,0.2400,213.7257,348.5336,-0.1860
49,0.2450,171.6575,343.4553,-0.2064
50,0.2500,129.5722,335.4405,-0.2269
51,0.2550,104.0168,330.7090,-0.2394
52,0.2600,79.8771,325.4766,-0.2513
53,0.2650,60.7132,320.2147,-0.2607
54,0.2700,52.1193,317.9602,-0.2650
55,0.2750,48.7100,317.3082,-0.2667
56,0.2800,51.5127,317.1172,-0.2653
57,0.2850,58.3479,321.8362,-0.2619
58,0.2900,77.5973,324.4552,-0.2524
59,0.2950,104.1200,331.0617,-0.2394
60,0.3000,132.1748,335.9879,-0.2257
61,0.3050,170.0747,342.6402,-0.2072
62,0.3100,212.4520,350.0580,-0.1866
63,0.3150,258.8128,355.5247,-0.1642
64,0.3200,307.7458,360.8226,-0.1406
65,0.3250,361.1111,363.4504,-0.1150
66,0.3300,406.2769,364.6137,-0.0934
67,0.3350,460.0314,363.6284,-0.0677
68,0.3400,513.1559,360.5952,-0.0424
69,0.3450,556.4175,356.6228,-0.0217
70,0.3500,605.5176,351.5898,0.0016
71,0.3550,648.9034,346.0739,0.0223
72,0.3600,683.2383,338.0915,0.0387
73,0.3650,719.0614,330.7350,0.0557
74,0.3700,748.8961,323.7687,0.0700
75,0.3750,768.4440,319.2210,0.0793
76,0.3800,786.1675,314.1688,0.0878
77,0.3850,797.4211,311.0733,0.0932
78,0.3900,800.1678,310.2268,0.0945
79,0.3950,798.6531,310.6978,0.0937
80,0.4000,787.8908,313.9489,0.0886
81,0.4050,775.6945,318.4091,0.0828
82,0.4100,755.1296,322.6046,0.0730
83,0.4150,726.6683,331.8301,0.0594
84,0.4200,696.8571,337.7550,0.0452
85,0.4250,657.3555,346.1802,0.0263
86,0.4300,613.0936,350.1404,0.0052
87,0.4350,572.8884,354.9916,-0.0139
88,0.4400,523.0209,360.0994,-0.0377
89,0.4450,469.8505,363.5406,-0.0630
90,0.4500,424.2421,364.0681,-0.0848
91,0.4550,371.2187,363.4071,-0.1102
92,0.4600,317.4270,361.5768,-0.1360
93,0.4650,274.9315,357.0743,-0.1564
94,0.4700,227.5082,352.8447,-0.1793
95,0.4750,183.6354,345.2355,-0.2006
96,0.4800,149.9174,339.6984,-0.2170
97,0.4850,116.1193,332.5785,-0.2335
98,0.4900,89.3017,325.4625,-0.2467
99,0.4950,71.6488,323.4572,-0.2553
100,0.5000,57.5095,318.7591,-0.2623
101,0.5050,50.3727,317.4652,-0.2658
102,0.5100,50.0855,319.5899,-0.2660
103,0.5150,58.8336,319.9760,-0.2617
104,0.5200,71.2610,323.7313,-0.2555
105,0.5250,92.6680,328.1745,-0.2450
106,0.5300,120.2610,333.7528,-0.2315
107,0.5350,155.3008,340.7276,-0.2144
108,0.5400,187.5870,346.8392,-0.1987
109,0.5450,233.7183,352.9720,-0.1763
110,0.5500,288.2954,358.8458,-0.1500
111,0.5550,331.9972,362.0601,-0.1290
112,0.5600,385.9191,364.8441,-0.1031
113,0.5650,437.9920,364.1757,-0.0782
114,0.5700,491.3289,362.1295,-0.0528
115,0.5750,543.0005,358.3113,-0.0281
116,0.5800,591.7309,352.9635,-0.0049
117,0.5850,631.4031,347.7798,0.0140
118,0.5900,673.0974,340.5518,0.0338
119,0.5950,708.6668,334.4100,0.0508
120,0.6000,735.6436,329.1044,0.0636
121,0.6050,761.8292,320.8927,0.0761
122,0.6100,780.5021,315.1359,0.0851
123,0.6150,791.8550,313.5070,0.0905
124,0.6200,797.6819,312.7550,0.0933
125,0.6250,797.5262,313.0675,0.0932
126,0.6300,792.0822,314.4497,0.0906
127,0.6350,778.8242,317.1511,0.0843
128,0.6400,759.2731,324.2353,0.0749
129,0.6450,737.1418,329.2315,0.0644
130,0.6500,704.9487,336.2152,0.0490
131,0.6550,666.3423,344.6087,0.0306
132,0.6600,633.0576,349.3651,0.0148
133,0.6650,585.7318,354.4073,-0.0078
134,0.6700,536.1993,359.6302,-0.0314
135,0.6750,490.9367,362.5165,-0.0529
136,0.6800,438.9988,363.8068,-0.0777
137,0.6850,385.4405,364.5830,-0.1033
138,0.6900,339.9217,363.0215,-0.1252
139,0.6950,287.7290,358.9677,-0.1503
140,0.7000,239.7670,353.6967,-0.1734
141,0.7050,200.8481,346.9460,-0.1922
142,0.7100,161.1031,342.2350,-0.2116
143,0.7150,126.5900,335.9928,-0.2284
144,0.7200,101.2604,329.7989,-0.2408
145,0.7250,77.4895,323.5846,-0.2525
146,0.7300,61.1385,320.3802,-0.2605
147,0.7350,53.8976,318.0489,-0.2641
148,0.7400,50.7402,317.3100,-0.2657
149,0.7450,56.3023,318.7939,-0.2629
150,0.7500,63.1016,323.4641,-0.2596
151,0.7550,87.9384,326.7415,-0.2473
152,0.7600,113.8596,332.1815,-0.2346
153,0.7650,141.3482,337.9147,-0.2212
154,0.7700,179.3627,344.3614,-0.2027
155,0.7750,222.2702,351.2620,-0.1819
156,0.7800,258.7357,356.5914,-0.1642
157,0.7850,311.9844,360.8243,-0.1386
158,0.7900,364.1675,364.2192,-0.1135
159,0.7950,407.8270,364.7424,-0.0926
160,0.8000,462.0908,363.2721,-0.0667
161,0.8050,522.3560,360.6085,-0.0380
162,0.8100,564.8649,356.8319,-0.0177
163,0.8150,612.4564,350.3348,0.0049
164,0.8200,654.5772,342.8792,0.0250
165,0.8250,688.6569,337.6643,0.0412
166,0.8300,722.8235,330.6385,0.0575
167,0.8350,753.3519,323.6299,0.0721
168,0.8400,773.1428,317.7009,0.0816
169,0.8450,787.9618,313.9062,0.0886
170,0.8500,796.7212,313.2828,0.0928
171,0.8550,797.2850,312.6303,0.0931
172,0.8600,791.8035,314.3605,0.0905
173,0.8650,779.5107,317.1167,0.0846
174,0.8700,764.1859,321.2083,0.0773
175,0.8750,739.7946,328.1551,0.0656
176,0.8800,709.3015,333.5636,0.0511
177,0.8850,676.9731,341.5655,0.0357
178,0.8900,636.3288,347.9575,0.0163
179,0.8950,590.3597,354.4212,-0.0056
180,0.9000,542.2482,359.7372,-0.0285
181,0.9050,488.9985,361.9415,-0.0539
182,0.9100,437.8837,364.0287,-0.0783
183,0.9150,391.5582,363.8280,-0.1004
184,0.9200,338.6551,362.5140,-0.1258
185,0.9250,286.8196,358.4778,-0.1507
186,0.9300,246.3709,354.0468,-0.1702
187,0.9350,200.5343,347.0348,-0.1924
188,0.9400,160.8347,341.8908,-0.2117
189,0.9450,130.5566,335.7900,-0.2265
190,0.9500,98.2435,328.7621,-0.2423
191,0.9550,75.4557,323.6372,-0.2535
192,0.9600,62.7227,320.5893,-0.2597
193,0.9650,54.2338,318.2809,-0.2639
194,0.9700,53.6417,318.0830,-0.2642
195,0.9750,58.7684,319.6865,-0.2617
196,0.9800,70.6176,323.5416,-0.2559
197,0.9850,93.0436,328.1031,-0.2448
198,0.9900,119.6565,333.4544,-0.2318
199,0.9950,153.6227,340.3480,-0.2152
200,1.0000,193.4072,347.8838,-0.1959
201,1.0050,229.7657,351.4855,-0.1782
202,1.0100,277.6463,357.7990,-0.1551
203,1.0150,328.5197,362.5868,-0.1306
204,1.0200,372.7908,363.7835,-0.1094
205,1.0250,425.2547,363.8948,-0.0843
206,1.0300,478.3883,362.9705,-0.0589
207,1.0350,523.4781,360.2357,-0.0374
208,1.0400,571.3076,356.5006,-0.0146
209,1.0450,619.0291,349.2477,0.0081
210,1.0500,655.2902,343.2774,0.0253
211,1.0550,699.5641,335.4347,0.0464
212,1.0600,731.4131,328.6913,0.0616
213,1.0650,753.1846,323.7863,0.0720
214,1.0700,774.8383,318.5537,0.0824
215,1.0750,788.5925,313.4999,0.0889
216,1.0800,793.6276,312.8543,0.0913
217,1.0850,796.2776,312.7304,0.0926
218,1.0900,790.2963,313.7224,0.0898
219,1.0950,780.3781,317.1379,0.0850
220,1.1000,762.4246,321.4739,0.0764
221,1.1050,733.0585,329.6449,0.0624
222,1.1100,706.7292,333.8543,0.0499
223,1.1150,669.7286,342.9131,0.0322
224,1.1200,622.4504,350.9494,0.0097
225,1.1250,581.9171,354.0897,-0.0096
226,1.1300,532.9531,360.6539,-0.0329
227,1.1350,480.2883,363.1197,-0.0580
228,1.1400,428.4042,363.7749,-0.0828
229,1.1450,375.2517,363.7454,-0.1082
230,1.1500,322.2816,361.0569,-0.1336
231,1.1550,279.3662,357.6821,-0.1543
232,1.1600,232.4195,352.8441,-0.1769
233,1.1650,188.2945,346.8047,-0.1983
234,1.1700,156.5439,341.2446,-0.2138
235,1.1750,121.9489,334.1436,-0.2307
236,1.1800,94.4606,327.8738,-0.2441
237,1.1850,76.5640,324.1496,-0.2529
238,1.1900,61.6459,319.9238,-0.2603
239,1.1950,55.1349,318.4371,-0.2635
240,1.2000,55.0621,318.2452,-0.2635
241,1.2050,59.9982,319.6002,-0.2611
242,1.2100,71.4740,323.6203,-0.2554
243,1.2150,90.8902,327.3562,-0.2459
244,1.2200,118.3631,334.5495,-0.2324
245,1.2250,156.3973,340.8082,-0.2139
246,1.2300,187.5093,346.9063,-0.1987
247,1.2350,238.9644,353.8160,-0.1738
248,1.2400,286.3904,358.9068,-0.1509
249,1.2450,329.9097,362.4770,-0.1300
250,1.2500,382.2366,363.7468,-0.1049
251,1.2550,433.8784,363.8530,-0.0802
252,1.2600,486.6832,362.5180,-0.0550
253,1.2650,538.6427,358.4085,-0.0302
254,1.2700,587.1263,353.8161,-0.0071
255,1.2750,626.4916,348.3312,0.0116
256,1.2800,667.5922,341.6182,0.0312
257,1.2850,702.0422,334.9225,0.0476
258,1.2900,730.1299,329.2516,0.0610
259,1.2950,756.4753,323.4119,0.0736
260,1.3000,775.3183,317.7097,0.0826
261,1.3050,786.7669,314.2223,0.0881
262,1.3100,793.3508,313.4078,0.0912
263,1.3150,793.1096,313.4506,0.0911
264,1.3200,787.3840,313.9658,0.0884
265,1.3250,774.5930,318.7833,0.0822
266,1.3300,751.5367,325.3474,0.0712
267,1.3350,731.7195,330.2796,0.0618
268,1.3400,700.3287,336.6614,0.0468
269,1.3450,662.2979,343.2009,0.0287
270,1.3500,626.3945,349.0590,0.0116
271,1.3550,579.2264,356.4347,-0.0109
272,1.3600,531.8362,361.1702,-0.0335
273,1.3650,486.1599,363.6184,-0.0552
274,1.3700,433.7891,363.6643,-0.0802
275,1.3750,382.0525,363.4335,-0.1050
276,1.3800,337.2219,361.9680,-0.1265
277,1.3850,285.8636,358.0473,-0.1511
278,1.3900,239.0904,353.7062,-0.1737
279,1.3950,200.3284,346.8177,-0.1925
280,1.4000,160.7507,341.7854,-0.2117
281,1.4050,127.2749,335.3469,-0.2281
282,1.4100,102.8857,329.9427,-0.2400
283,1.4150,81.0169,325.5636,-0.2507
284,1.4200,65.5874,320.8300,-0.2583
285,1.4250,55.1335,318.7585,-0.2635
286,1.4300,55.7319,318.6289,-0.2632
287,1.4350,60.3947,319.6014,-0.2609
288,1.4400,71.5665,322.9592,-0.2554
289,1.4450,90.2791,327.0549,-0.2462
290,1.4500,115.1383,332.3188,-0.2340
291,1.4550,142.5821,338.0223,-0.2206
292,1.4600,179.6728,344.4203,-0.2025
293,1.4650,221.6704,350.8680,-0.1821
294,1.4700,260.6189,355.8119,-0.1633
295,1.4750,309.8733,360.8248,-0.1396
296,1.4800,369.4540,363.2778,-0.1110
297,1.4850,413.4594,363.8081,-0.0899
298,1.4900,465.4947,363.1605,-0.0651
299,1.4950,525.5056,360.0868,-0.0365
300,1.5000,566.4870,357.1333,-0.0169
301,1.5050,614.3025,349.8625,0.0058
302,1.5100,656.0052,343.1621,0.0257
303,1.5150,688.8228,337.8124,0.0413
304,1.5200,722.5306,330.5584,0.0574
305,1.5250,750.3660,323.2856,0.0707
306,1.5300,768.1134,319.4212,0.0792
307,1.5350,784.3602,314.8029,0.0869
308,1.5400,791.5381,313.5408,0.0903
309,1.5450,792.4142,313.0845,0.0908
310,1.5500,789.7454,313.6099,0.0895
311,1.5550,778.7980,316.9023,0.0843
312,1.5600,765.1728,321.3394,0.0777
313,1.5650,742.0985,327.8499,0.0667
314,1.5700,710.8911,336.4516,0.0518
315,1.5750,682.5212,340.5587,0.0383
316,1.5800,643.0619,345.9511,0.0195
317,1.5850,598.6850,353.2623,-0.0016
318,1.5900,551.2297,357.5803,-0.0242
319,1.5950,499.3260,362.7887,-0.0489
320,1.6000,447.8645,363.8067,-0.0735
321,1.6050,402.3392,363.9059,-0.0953
322,1.6100,350.1617,362.7261,-0.1202
323,1.6150,291.4788,357.7594,-0.1484
324,1.6200,250.6428,354.7244,-0.1681
325,1.6250,206.0124,350.5975,-0.1897
326,1.6300,160.8755,341.8744,-0.2117
327,1.6350,131.1681,335.8453,-0.2262
328,1.6400,103.2815,330.1668,-0.2398
329,1.6450,80.7758,324.9057,-0.2509
330,1.6500,68.4013,321.6938,-0.2569
331,1.6550,58.7489,319.1503,-0.2617
332,1.6600,57.6399,319.1631,-0.2622
333,1.6650,61.1951,320.3427,-0.2605
334,1.6700,73.1641,324.1318,-0.2546
335,1.6750,92.3205,328.2270,-0.2452
336,1.6800,113.5187,332.2115,-0.2348
337,1.6850,144.9674,338.8716,-0.2194
338,1.6900,181.5056,345.8572,-0.2016
339,1.6950,217.1704,350.7189,-0.1843
340,1.7000,261.4196,357.1159,-0.1629
341,1.7050,311.4920,360.6403,-0.1388
342,1.7100,355.1440,362.9034,-0.1179
343,1.7150,407.2186,364.5030,-0.0929
344,1.7200,459.7198,363.5117,-0.0678
345,1.7250,504.4140,362.6441,-0.0465
346,1.7300,554.3257,357.0813,-0.0227
347,1.7350,601.7717,352.1170,-0.0001
348,1.7400,644.8438,346.0694,0.0204
349,1.7450,683.7568,339.7682,0.0389
350,1.7500,717.8079,331.7453,0.0551
351,1.7550,742.2124,325.4149,0.0668
352,1.7600,763.9141,319.8895,0.0771
353,1.7650,780.3122,315.1649,0.0850
354,1.7700,789.3540,313.5891,0.0893
355,1.7750,792.2578,313.1759,0.0907
356,1.7800,789.3130,313.5906,0.0893
357,1.7850,780.5177,318.5086,0.0851
358,1.7900,766.1523,321.4574,0.0782
359,1.7950,743.2540,327.2380,0.0673
360,1.8000,719.5171,332.4157,0.0560
361,1.8050,685.9738,339.8162,0.0400
362,1.8100,646.3696,346.9872,0.0211
363,1.8150,609.2517,352.3298,0.0034
364,1.8200,562.7369,356.1954,-0.0187
365,1.8250,505.2805,362.4472,-0.0461
366,1.8300,460.6955,363.8225,-0.0674
367,1.8350,409.0616,364.3644,-0.0920
368,1.8400,356.3080,362.8304,-0.1173
369,1.8450,312.0278,360.6670,-0.1386
370,1.8500,263.1697,356.8379,-0.1621
371,1.8550,217.5378,350.6597,-0.1841
372,1.8600,182.0374,345.1483,-0.2014
373,1.8650,146.1042,339.2836,-0.2189
374,1.8700,114.7409,332.5934,-0.2342
375,1.8750,92.7299,327.8602,-0.2450
376,1.8800,73.9415,323.8485,-0.2542
377,1.8850,62.1284,320.0202,-0.2600
378,1.8900,57.7717,318.5956,-0.2622
379,1.8950,59.5253,319.2687,-0.2613
380,1.9000,65.8925,322.3202,-0.2582
381,1.9050,79.8449,325.8837,-0.2513
382,1.9100,103.8710,330.4401,-0.2395
383,1.9150,132.0711,336.0395,-0.2257
384,1.9200,161.4842,342.0229,-0.2114
385,1.9250,200.8086,347.3200,-0.1923
386,1.9300,244.8794,354.3985,-0.1709
387,1.9350,292.8772,359.8698,-0.1478
388,1.9400,342.4446,361.9317,-0.1239
389,1.9450,394.5652,364.0990,-0.0990
390,1.9500,439.0453,364.0907,-0.0777
391,1.9550,491.1316,362.0011,-0.0529
392,1.9600,541.9612,358.4600,-0.0286
393,1.9650,582.6051,354.3326,-0.0093
394,1.9700,628.2284,348.1024,0.0125
395,1.9750,668.7778,341.3715,0.0318
396,1.9800,699.7178,335.0621,0.0465
397,1.9850,730.8792,328.5540,0.0614
398,1.9900,755.7700,322.9648,0.0733
399,1.9950,772.5558,318.0697,0.0813
400,2.0000,786.4882,313.6981,0.0879
401,2.0050,791.5151,313.9031,0.0903
402,2.0100,790.5261,313.2697,0.0899
403,2.0150,784.0419,315.4152,0.0868
404,2.0200,769.7712,321.1117,0.0799
405,2.0250,753.3846,323.3026,0.0721
406,2.0300,726.6875,331.6800,0.0594
407,2.0350,694.2452,337.9746,0.0439
408,2.0400,661.8354,343.2137,0.0285
409,2.0450,620.2311,350.5407,0.0086
410,2.0500,574.7521,355.3291,-0.0130
411,2.0550,525.8983,360.8647,-0.0363
412,2.0600,473.2937,363.2676,-0.0614
413,2.0650,421.5452,364.0128,-0.0861
414,2.0700,376.7430,363.6938,-0.1075
415,2.0750,325.9016,361.7478,-0.1319
416,2.0800,275.9204,357.6872,-0.1559
417,2.0850,237.1861,353.0384,-0.1746
418,2.0900,193.5222,346.7528,-0.1958
419,2.0950,156.9982,340.7544,-0.2136
420,2.1000,127.9829,335.6259,-0.2277
421,2.1050,101.3261,329.6108,-0.2408
422,2.1100,81.0638,325.5177,-0.2507
423,2.1150,65.5622,323.2606,-0.2583
424,2.1200,59.4017,319.5327,-0.2614
425,2.1250,60.2503,320.0591,-0.2610
426,2.1300,65.0507,322.9773,-0.2586
427,2.1350,79.7333,325.6818,-0.2514
428,2.1400,104.8230,330.1540,-0.2391
429,2.1450,129.8272,335.8603,-0.2268
430,2.1500,163.4663,341.6465,-0.2104
431,2.1550,203.8925,349.2733,-0.1908
432,2.1600,239.9801,353.8722,-0.1733
433,2.1650,286.9236,358.5959,-0.1506
434,2.1700,337.6496,362.3669,-0.1262
435,2.1750,381.9972,363.9477,-0.1050
436,2.1800,432.1779,363.9014,-0.0810
437,2.1850,485.3266,362.5430,-0.0556
438,2.1900,528.6321,359.3734,-0.0350
439,2.1950,576.3441,354.8243,-0.0123
440,2.2000,621.8732,348.7280,0.0094
441,2.2050,656.7697,342.7940,0.0261
442,2.2100,693.9070,337.0171,0.0437
443,2.2150,724.9197,329.4457,0.0585
444,2.2200,747.0616,324.6706,0.0691
445,2.2250,768.8301,319.1099,0.0795
446,2.2300,783.4013,315.1660,0.0865
447,2.2350,788.9358,313.7864,0.0891
448,2.2400,790.0770,313.5732,0.0896
449,2.2450,785.0758,315.0831,0.0873
450,2.2500,774.1874,319.4277,0.0821
451,2.2550,755.4561,325.2263,0.0731
452,2.2600,728.9108,331.0762,0.0604
453,2.2650,702.3041,336.8386,0.0477
454,2.2700,665.3258,342.6398,0.0301
455,2.2750,624.5269,350.2139,0.0107
456,2.2800,586.1118,354.5926,-0.0076
457,2.2850,537.4565,359.5084,-0.0308
458,2.2900,486.4071,363.4850,-0.0551
459,2.2950,435.2533,363.7341,-0.0795
460,2.3000,383.0683,363.5766,-0.1045
461,2.3050,331.2782,361.4694,-0.1293
462,2.3100,288.2449,358.6530,-0.1500
463,2.3150,241.0293,353.4874,-0.1728
464,2.3200,198.6915,347.8615,-0.1933
465,2.3250,165.3187,342.1338,-0.2095
466,2.3300,130.9568,335.9027,-0.2263
467,2.3350,103.8093,330.4540,-0.2396
468,2.3400,85.2531,325.4266,-0.2487
469,2.3450,70.3240,323.4644,-0.2560
470,2.3500,60.7002,321.4653,-0.2607
471,2.3550,59.9590,319.5543,-0.2611
472,2.3600,62.4707,322.6317,-0.2599
473,2.3650,76.3204,324.4861,-0.2530
474,2.3700,91.9106,329.4873,-0.2454
475,2.3750,115.3975,334.0280,-0.2339
476,2.3800,150.0478,341.6690,-0.2169
477,2.3850,182.0404,346.0864,-0.2014
478,2.3900,229.0596,352.3911,-0.1786
479,2.3950,275.2881,358.0238,-0.1562
480,2.4000,317.1452,361.0980,-0.1361
481,2.4050,369.0311,363.3629,-0.1112
482,2.4100,419.0860,364.1305,-0.0872
483,2.4150,464.0494,363.5606,-0.0658
484,2.4200,514.6910,362.3058,-0.0416
485,2.4250,564.8489,355.9576,-0.0177
486,2.4300,604.9266,351.5002,0.0014
487,2.4350,645.4658,345.7860,0.0207
488,2.4400,689.3100,337.0744,0.0416
489,2.4450,718.1783,330.8127,0.0553
490,2.4500,745.2838,325.4734,0.0682
491,2.4550,766.4105,320.0511,0.0783
492,2.4600,778.5292,315.4288,0.0841
493,2.4650,787.1368,313.5931,0.0882
494,2.4700,789.1530,313.6758,0.0892
495,2.4750,785.6190,314.4689,0.0875
496,2.4800,774.0317,319.3611,0.0820
497,2.4850,754.2881,325.2803,0.0725
498,2.4900,733.4905,329.5251,0.0626
499,2.4950,704.1790,336.4298,0.0486
500,2.5000,669.0981,343.5735,0.0319
501,2.5050,634.7684,348.6017,0.0156
502,2.5100,590.1349,354.1745,-0.0057
503,2.5150,543.1013,359.5483,-0.0281
504,2.5200,498.9556,362.6132,-0.0491
505,2.5250,448.6457,363.3490,-0.0731
506,2.5300,396.7719,364.4524,-0.0979
507,2.5350,344.8090,362.6742,-0.1228
508,2.5400,294.2298,358.4059,-0.1471
509,2.5450,248.3553,354.1570,-0.1692
510,2.5500,209.9880,349.5594,-0.1878
511,2.5550,170.4487,343.1292,-0.2070
512,2.5600,136.7522,337.4416,-0.2234
513,2.5650,111.6722,331.6445,-0.2357
514,2.5700,89.0661,327.0150,-0.2468
515,2.5750,72.6609,323.3391,-0.2548
516,2.5800,65.4005,320.9442,-0.2584
517,2.5850,61.3624,319.9765,-0.2604
518,2.5900,62.7896,322.5961,-0.2597
519,2.5950,75.3091,323.6146,-0.2535
520,2.6000,93.3376,328.3498,-0.2447
521,2.6050,115.7697,334.7694,-0.2337
522,2.6100,143.7887,338.2911,-0.2200
523,2.6150,179.4382,344.3755,-0.2026
524,2.6200,219.4419,350.7010,-0.1832
525,2.6250,254.5664,356.6316,-0.1662
526,2.6300,305.5336,360.5385,-0.1417
527,2.6350,356.2742,363.0915,-0.1173
528,2.6400,399.1204,363.9901,-0.0968
529,2.6450,451.7102,363.9667,-0.0717
530,2.6500,502.9161,361.4183,-0.0472
531,2.6550,544.3524,358.6264,-0.0275
532,2.6600,598.9671,352.3742,-0.0015
533,2.6650,640.2843,346.6811,0.0182
534,2.6700,674.1977,340.8075,0.0344
535,2.6750,709.2903,332.8994,0.0511
536,2.6800,738.8104,326.7567,0.0652
537,2.6850,756.8563,323.3378,0.0738
538,2.6900,774.5904,317.5115,0.0822
539,2.6950,784.3605,315.1369,0.0869
540,2.7000,787.9021,313.5320,0.0886
541,2.7050,785.4384,314.5580,0.0874
542,2.7100,775.2430,317.7731,0.0826
543,2.7150,761.5704,321.3569,0.0760
544,2.7200,739.9907,328.0357,0.0657
545,2.7250,706.0818,335.9963,0.0495
546,2.7300,677.3449,341.3560,0.0359
547,2.7350,638.0665,347.8421,0.0171
548,2.7400,594.9550,353.8552,-0.0034
549,2.7450,555.1719,358.9229,-0.0223
550,2.7500,504.9492,362.0588,-0.0463
551,2.7550,453.4279,364.4650,-0.0708
552,2.7600,409.4715,364.2459,-0.0918
553,2.7650,358.4210,363.1642,-0.1163
554,2.7700,306.6343,360.4719,-0.1412
555,2.7750,265.8755,356.2367,-0.1608
556,2.7800,215.5885,351.0151,-0.1851
557,2.7850,174.5880,343.8166,-0.2050
558,2.7900,145.4287,339.1750,-0.2192
559,2.7950,111.7583,331.2855,-0.2357
560,2.8000,88.5724,325.7245,-0.2470
561,2.8050,74.7857,323.5746,-0.2538
562,2.8100,66.5101,321.0376,-0.2579
563,2.8150,63.6352,320.1639,-0.2593
564,2.8200,68.9654,321.6369,-0.2567
565,2.8250,77.7784,327.2632,-0.2523
566,2.8300,98.5848,328.4843,-0.2421
567,2.8350,119.3203,333.4636,-0.2320
568,2.8400,149.8616,341.4069,-0.2170
569,2.8450,185.9902,346.3682,-0.1995
570,2.8500,222.1300,350.9768,-0.1819
571,2.8550,266.7000,356.5489,-0.1604
572,2.8600,315.4983,361.0979,-0.1369
573,2.8650,358.6189,363.2905,-0.1162
574,2.8700,408.7379,364.7808,-0.0922
575,2.8750,460.6453,363.8343,-0.0674
576,2.8800,504.6889,361.4913,-0.0464
577,2.8850,553.4985,357.1194,-0.0231
578,2.8900,599.9872,352.3268,-0.0010
579,2.8950,642.9786,345.5649,0.0195
580,2.9000,681.6935,339.0167,0.0379
581,2.9050,713.8856,332.1259,0.0533
582,2.9100,741.2911,326.1340,0.0663
583,2.9150,762.4398,320.8070,0.0764
584,2.9200,777.4411,316.2882,0.0836
585,2.9250,785.2483,314.7209,0.0873
586,2.9300,786.7578,314.0177,0.0881
587,2.9350,780.8220,317.7233,0.0852
588,2.9400,771.6206,318.7249,0.0808
589,2.9450,753.5040,325.3292,0.0722
590,2.9500,730.6270,330.4527,0.0613
591,2.9550,705.3171,334.4649,0.0492
592,2.9600,669.7499,342.7735,0.0322
593,2.9650,630.2639,349.3408,0.0134
594,2.9700,592.7779,354.0880,-0.0044
595,2.9750,545.8208,359.4590,-0.0268
596,2.9800,495.6376,362.8536,-0.0507
597,2.9850,451.4313,363.7677,-0.0718
598,2.9900,400.1581,364.3295,-0.0963
599,2.9950,349.8253,362.5366,-0.1204
600,3.0000,305.5341,360.5976,-0.1417
601,3.0050,251.5573,354.8655,-0.1677
602,3.0100,208.5696,349.5170,-0.1885
603,3.0150,174.2686,343.8265,-0.2052
604,3.0200,140.3152,337.9196,-0.2217
605,3.0250,112.1630,331.5106,-0.2355
606,3.0300,92.3519,327.8370,-0.2452
607,3.0350,75.7181,323.3096,-0.2533
608,3.0400,67.3142,321.1782,-0.2575
609,3.0450,65.0203,320.9964,-0.2586
610,3.0500,69.8815,323.5242,-0.2562
611,3.0550,79.6760,325.4921,-0.2514
612,3.0600,100.7363,329.4060,-0.2411
613,3.0650,125.6074,335.1951,-0.2289
614,3.0700,157.5291,341.1636,-0.2133
615,3.0750,188.9136,346.5781,-0.1980
616,3.0800,230.0384,351.7748,-0.1781
617,3.0850,275.5751,357.8920,-0.1561
618,3.0900,316.9485,361.1034,-0.1362
619,3.0950,367.5859,363.5652,-0.1119
620,3.1000,425.0304,364.6476,-0.0844
621,3.1050,469.5323,362.8121,-0.0632
622,3.1100,519.6505,360.3155,-0.0393
623,3.1150,567.2509,356.5534,-0.0166
624,3.1200,607.5060,351.2774,0.0026
625,3.1250,654.7775,343.6139,0.0251
626,3.1300,691.3975,337.1430,0.0425
627,3.1350,718.1810,331.6241,0.0553
628,3.1400,744.8033,325.3236,0.0680
629,3.1450,764.0349,320.3990,0.0772
630,3.1500,776.6984,316.6816,0.0833
631,3.1550,785.1489,314.5712,0.0873
632,3.1600,785.9708,314.4445,0.0877
633,3.1650,780.5181,315.6852,0.0851
634,3.1700,767.2317,320.6154,0.0787
635,3.1750,749.6448,326.3300,0.0703
636,3.1800,728.9420,331.2798,0.0605
637,3.1850,697.4136,337.5116,0.0454
638,3.1900,661.9874,342.6789,0.0285
639,3.1950,627.9238,349.3673,0.0123
640,3.2000,582.1173,357.1625,-0.0095
641,3.2050,536.4742,359.5626,-0.0312
642,3.2100,492.9387,362.8276,-0.0520
643,3.2150,442.4046,364.0768,-0.0761
644,3.2200,391.4323,364.2529,-0.1005
645,3.2250,348.0354,362.7587,-0.1213
646,3.2300,296.9053,358.9519,-0.1458
647,3.2350,251.0483,354.7141,-0.1679
648,3.2400,213.5415,350.4841,-0.1861
649,3.2450,173.8037,343.8035,-0.2054
650,3.2500,139.8525,337.7482,-0.2219
651,3.2550,115.4916,332.5408,-0.2338
652,3.2600,92.4868,327.9303,-0.2451
653,3.2650,76.5962,323.9739,-0.2529
654,3.2700,69.1695,321.7265,-0.2566
655,3.2750,66.3331,321.0700,-0.2580
656,3.2800,70.0397,323.3328,-0.2561
657,3.2850,77.0475,324.7495,-0.2527
658,3.2900,91.3153,328.5886,-0.2457
659,3.2950,119.6298,333.5656,-0.2318
660,3.3000,143.8074,339.8229,-0.2200
661,3.3050,185.1263,345.9685,-0.1999
662,3.3100,226.4397,352.0824,-0.1798
663,3.3150,261.1237,356.9279,-0.1631
664,3.3200,312.6858,360.7553,-0.1382
665,3.3250,363.2832,363.8337,-0.1140
666,3.3300,405.8050,363.8802,-0.0936
667,3.3350,456.8059,363.4564,-0.0692
668,3.3400,507.7811,361.4000,-0.0449
669,3.3450,555.0714,357.4465,-0.0224
670,3.3500,602.2914,351.7846,0.0001
671,3.3550,644.3521,345.5814,0.0201
672,3.3600,677.1668,340.0721,0.0358
673,3.3650,709.9978,332.4420,0.0514
674,3.3700,738.4826,326.5893,0.0650
675,3.3750,755.9526,323.5019,0.0733
676,3.3800,772.7006,317.6143,0.0813
677,3.3850,780.9374,314.9462,0.0853
678,3.3900,784.4777,315.2934,0.0870
679,3.3950,780.9541,317.2278,0.0853
680,3.4000,769.9916,319.1100,0.0800
681,3.4050,755.0980,324.9630,0.0729
682,3.4100,733.3812,329.1392,0.0626
683,3.4150,705.6094,334.2973,0.0493
684,3.4200,670.2515,342.1576,0.0325
685,3.4250,632.5718,349.2696,0.0145
686,3.4300,587.2029,354.6296,-0.0071
687,3.4350,547.9445,357.5094,-0.0258
688,3.4400,497.6747,362.7596,-0.0497
689,3.4450,447.7098,363.8502,-0.0736
690,3.4500,404.0638,363.7110,-0.0944
691,3.4550,352.1618,362.9198,-0.1193
692,3.4600,303.6519,361.2588,-0.1426
693,3.4650,262.7561,355.9736,-0.1623
694,3.4700,218.6726,350.1386,-0.1836
695,3.4750,179.0164,344.1531,-0.2028
696,3.4800,148.4403,339.7077,-0.2177
697,3.4850,118.8589,333.1589,-0.2322
698,3.4900,96.0091,328.1908,-0.2434
699,3.4950,82.0233,325.3395,-0.2502
700,3.5000,71.0439,322.3555,-0.2556
701,3.5050,68.1110,321.8511,-0.2571
702,3.5100,69.8090,323.3241,-0.2563
703,3.5150,76.6640,324.2605,-0.2529
704,3.5200,92.8847,328.8711,-0.2449
705,3.5250,114.4799,332.3102,-0.2343
706,3.5300,143.3740,338.1900,-0.2202
707,3.5350,177.5242,343.9799,-0.2036
708,3.5400,211.5293,349.8388,-0.1871
709,3.5450,253.7555,354.9082,-0.1666
710,3.5500,301.2467,360.0021,-0.1437
711,3.5550,342.7180,361.9298,-0.1238
712,3.5600,394.1128,364.2083,-0.0992
713,3.5650,443.7554,363.5898,-0.0755
714,3.5700,487.7679,361.8808,-0.0545
715,3.5750,537.8000,358.8166,-0.0306
716,3.5800,583.4511,353.5518,-0.0089
717,3.5850,621.1306,348.8593,0.0091
718,3.5900,661.6392,342.0230,0.0284
719,3.5950,697.1578,335.4289,0.0453
720,3.6000,722.4819,330.3163,0.0574
721,3.6050,747.2164,324.8602,0.0692
722,3.6100,767.9398,319.3774,0.0791
723,3.6150,778.0807,316.2392,0.0839
724,3.6200,784.0643,315.1254,0.0868
725,3.6250,782.5930,315.3415,0.0861
726,3.6300,775.4839,317.5695,0.0827
727,3.6350,762.1161,321.7216,0.0763
728,3.6400,742.6016,328.1526,0.0670
729,3.6450,720.0374,331.9589,0.0562
730,3.6500,689.1811,339.1749,0.0415
731,3.6550,652.7738,344.1046,0.0241
732,3.6600,616.7081,350.7460,0.0070
733,3.6650,564.5142,357.6239,-0.0179
734,3.6700,517.3824,361.6469,-0.0403
735,3.6750,473.3485,363.2725,-0.0613
736,3.6800,423.3096,363.7567,-0.0852
737,3.6850,372.9215,363.4103,-0.1093
738,3.6900,329.0273,362.1004,-0.1304
739,3.6950,281.0671,358.6853,-0.1535
740,3.7000,236.7086,352.9892,-0.1749
741,3.7050,199.8828,346.8894,-0.1927
742,3.7100,158.8208,341.4684,-0.2127
743,3.7150,127.4448,334.8202,-0.2280
744,3.7200,104.4869,330.0617,-0.2392
745,3.7250,86.5281,325.6790,-0.2480
746,3.7300,73.5248,323.4440,-0.2544
747,3.7350,69.4186,321.5503,-0.2564
748,3.7400,69.9450,323.3714,-0.2562
749,3.7450,75.7450,324.3841,-0.2533
750,3.7500,85.3629,328.7312,-0.2486
751,3.7550,109.5513,330.6793,-0.2367
752,3.7600,136.0852,337.0033,-0.2238
753,3.7650,164.5425,341.9898,-0.2099
754,3.7700,202.8362,349.3407,-0.1913
755,3.7750,250.3222,354.8650,-0.1683
756,3.7800,289.7881,359.0353,-0.1493
757,3.7850,338.3786,362.4618,-0.1259
758,3.7900,388.7863,363.7662,-0.1017
759,3.7950,431.2432,363.9804,-0.0814
760,3.8000,489.7984,362.1068,-0.0535
761,3.8050,538.6865,359.3164,-0.0302
762,3.8100,578.2025,355.7343,-0.0114
763,3.8150,622.4275,348.7481,0.0097
764,3.8200,661.9890,342.2112,0.0285
765,3.8250,693.4861,336.5617,0.0435
766,3.8300,722.8555,330.4284,0.0575
767,3.8350,747.0055,325.2372,0.0691
768,3.8400,762.8115,320.5470,0.0766
769,3.8450,775.6589,318.6771,0.0828
770,3.8500,782.5906,315.5482,0.0861
771,3.8550,782.3161,315.5462,0.0859
772,3.8600,775.1120,319.5248,0.0825
773,3.8650,760.7255,322.1658,0.0756
774,3.8700,743.1526,327.4184,0.0672
775,3.8750,717.2174,335.8572,0.0549
776,3.8800,686.4068,339.3667,0.0402
777,3.8850,655.4676,343.8118,0.0254
778,3.8900,614.2535,351.3853,0.0058
779,3.8950,569.8907,355.8128,-0.0153
780,3.9000,529.3115,360.4941,-0.0347
781,3.9050,478.6092,363.3431,-0.0588
782,3.9100,429.5456,363.9757,-0.0822
783,3.9150,385.8058,364.6993,-0.1032
784,3.9200,334.7784,361.8919,-0.1276
785,3.9250,279.4353,357.5013,-0.1542
786,3.9300,240.2064,353.3072,-0.1732
787,3.9350,199.3169,348.0851,-0.1930
788,3.9400,162.3159,341.3510,-0.2110
789,3.9450,135.3219,335.6907,-0.2241
790,3.9500,108.9000,330.9801,-0.2371
791,3.9550,88.8364,325.5722,-0.2469
792,3.9600,76.8614,323.3644,-0.2528
793,3.9650,70.7380,323.5153,-0.2558
794,3.9700,70.5885,323.4750,-0.2559
795,3.9750,75.5175,324.0398,-0.2534
796,3.9800,84.8725,328.3576,-0.2488
797,3.9850,108.3368,330.8131,-0.2373
798,3.9900,130.3515,336.0194,-0.2266
799,3.9950,161.4698,341.8511,-0.2114
800,4.0000,198.9005,347.9836,-0.1932
801,4.0050,234.5770,352.6475,-0.1759
802,4.0100,278.8253,357.7508,-0.1545
803,4.0150,326.8375,361.6364,-0.1314
804,4.0200,369.9924,363.5314,-0.1107
805,4.0250,419.2442,364.3431,-0.0872
806,4.0300,469.9890,363.1233,-0.0629
807,4.0350,513.4824,361.0324,-0.0422
808,4.0400,561.5372,356.2909,-0.0193
809,4.0450,606.5022,351.6755,0.0021
810,4.0500,641.9860,345.9546,0.0190
811,4.0550,678.7058,340.2024,0.0365
812,4.0600,711.1533,333.3124,0.0520
813,4.0650,734.5707,327.6684,0.0631
814,4.0700,755.8713,322.8112,0.0733
815,4.0750,770.9683,318.5345,0.0805
816,4.0800,778.6064,315.6183,0.0842
817,4.0850,781.5844,316.0423,0.0856
818,4.0900,776.5589,317.3710,0.0832
819,4.0950,766.8411,320.4863,0.0785
820,4.1000,751.6153,324.0729,0.0713
821,4.1050,722.2679,333.8884,0.0573
822,4.1100,697.6066,336.9441,0.0455
823,4.1150,663.6594,342.8449,0.0293
824,4.1200,624.7747,348.8502,0.0108
825,4.1250,586.9413,354.5694,-0.0072
826,4.1300,541.3881,359.6760,-0.0289
827,4.1350,483.8715,363.3507,-0.0563
828,4.1400,441.6504,364.6636,-0.0765
829,4.1450,389.9314,363.5895,-0.1012
830,4.1500,340.1103,362.8879,-0.1251
831,4.1550,297.8503,359.7213,-0.1454
832,4.1600,251.8051,354.9207,-0.1676
833,4.1650,209.8220,349.7015,-0.1879
834,4.1700,176.6920,343.9208,-0.2040
835,4.1750,143.7559,338.4521,-0.2200
836,4.1800,115.6610,333.8158,-0.2337
837,4.1850,97.4638,328.1053,-0.2427
838,4.1900,81.5652,325.2798,-0.2505
839,4.1950,72.8896,323.6648,-0.2547
840,4.2000,70.8680,323.3227,-0.2557
841,4.2050,74.6352,323.4111,-0.2539
842,4.2100,86.4329,325.9355,-0.2481
843,4.2150,101.3556,329.4238,-0.2408
844,4.2200,128.9128,335.7598,-0.2273
845,4.2250,159.4279,341.2256,-0.2124
846,4.2300,190.2955,346.7436,-0.1974
847,4.2350,230.5079,352.0449,-0.1779
848,4.2400,274.7736,357.3147,-0.1565
849,4.2450,315.6626,361.1287,-0.1368
850,4.2500,364.5854,363.5193,-0.1133
851,4.2550,413.5461,364.3510,-0.0899
852,4.2600,457.8232,363.2886,-0.0687
853,4.2650,507.9161,361.3446,-0.0449
854,4.2700,555.4636,357.1686,-0.0222
855,4.2750,595.3287,352.9089,-0.0032
856,4.2800,637.5048,346.5627,0.0169
857,4.2850,675.1660,340.5430,0.0348
858,4.2900,701.5393,335.3639,0.0474
859,4.2950,730.1832,329.0641,0.0610
860,4.3000,751.9255,324.2433,0.0714
861,4.3050,766.7501,319.9903,0.0785
862,4.3100,776.7737,317.0349,0.0833
863,4.3150,779.3576,317.8978,0.0845
864,4.3200,775.9847,318.5609,0.0829
865,4.3250,767.7360,323.7379,0.0790
866,4.3300,752.8589,323.6409,0.0719
867,4.3350,729.5287,330.8812,0.0607
868,4.3400,699.6454,337.1414,0.0465
869,4.3450,665.9769,343.1079,0.0304
870,4.3500,634.2016,349.1835,0.0153
871,4.3550,584.3289,354.1286,-0.0084
872,4.3600,537.7578,359.6007,-0.0306
873,4.3650,495.9367,362.8914,-0.0506
874,4.3700,445.4716,363.4982,-0.0746
875,4.3750,396.1058,363.7497,-0.0982
876,4.3800,352.3004,363.1702,-0.1192
877,4.3850,303.4553,361.0386,-0.1427
878,4.3900,251.1537,354.9147,-0.1679
879,4.3950,213.7791,348.5574,-0.1860
880,4.4000,175.4696,343.8004,-0.2046
881,4.4050,139.1358,337.0909,-0.2223
882,4.4100,115.4467,332.5211,-0.2339
883,4.4150,94.9512,327.7873,-0.2439
884,4.4200,80.9807,325.4751,-0.2508
885,4.4250,73.3585,323.6092,-0.2545
886,4.4300,73.0117,323.6284,-0.2547
887,4.4350,79.8600,325.1401,-0.2513
888,4.4400,87.9110,328.8368,-0.2474
889,4.4450,109.5872,330.9388,-0.2367
890,4.4500,134.7561,335.6593,-0.2244
891,4.4550,161.2069,341.7448,-0.2115
892,4.4600,198.6430,347.9516,-0.1933
893,4.4650,239.0984,353.6152,-0.1737
894,4.4700,277.6553,357.6018,-0.1551
895,4.4750,325.5511,361.6053,-0.1321
896,4.4800,374.9565,364.2177,-0.1084
897,4.4850,417.0493,364.1220,-0.0882
898,4.4900,466.9019,362.9790,-0.0644
899,4.4950,516.8870,360.5143,-0.0406
900,4.5000,555.6974,357.1047,-0.0221
901,4.5050,602.7005,351.7866,0.0003
902,4.5100,648.9063,344.3989,0.0223
903,4.5150,680.8965,339.2237,0.0375
904,4.5200,711.2941,332.0991,0.0520
905,4.5250,740.5628,326.1596,0.0660
906,4.5300,756.7745,322.9730,0.0737
907,4.5350,769.8245,319.3355,0.0800
908,4.5400,778.0972,315.9057,0.0839
909,4.5450,778.5660,315.6561,0.0841
910,4.5500,771.9359,318.1631,0.0810
911,4.5550,758.9685,322.7322,0.0748
912,4.5600,742.9286,326.6057,0.0671
913,4.5650,719.1145,332.0020,0.0558
914,4.5700,689.1708,339.0299,0.0415
915,4.5750,653.7562,343.7739,0.0246
916,4.5800,612.8919,351.8572,0.0052
917,4.5850,568.0552,357.2075,-0.0162
918,4.5900,528.4032,360.5058,-0.0351
919,4.5950,478.8173,363.2161,-0.0587
920,4.6000,429.4073,363.4863,-0.0823
921,4.6050,386.3332,364.0977,-0.1029
922,4.6100,336.6836,362.2147,-0.1267
923,4.6150,287.2221,358.6980,-0.1505
924,4.6200,250.0285,354.9539,-0.1684
925,4.6250,207.6404,349.3299,-0.1889
926,4.6300,170.3618,342.7489,-0.2071
927,4.6350,142.6525,338.0328,-0.2206
928,4.6400,112.6507,331.6842,-0.2352
929,4.6450,91.9885,327.5700,-0.2454
930,4.6500,80.9002,325.4742,-0.2508
931,4.6550,73.8492,322.6310,-0.2543
932,4.6600,73.7744,322.7988,-0.2543
933,4.6650,79.9470,325.1063,-0.2513
934,4.6700,92.1629,328.0064,-0.2453
935,4.6750,111.6474,331.3008,-0.2357
936,4.6800,132.9399,336.5378,-0.2253
937,4.6850,164.4244,341.7285,-0.2099
938,4.6900,199.5642,348.3091,-0.1929
939,4.6950,236.2081,352.7491,-0.1751
940,4.7000,279.8795,357.9657,-0.1540
941,4.7050,327.8952,362.4263,-0.1309
942,4.7100,370.2498,363.8589,-0.1106
943,4.7150,418.7074,364.1992,-0.0874
944,4.7200,469.5981,363.0830,-0.0631
945,4.7250,512.0984,360.5994,-0.0429
946,4.7300,559.4913,357.6962,-0.0203
947,4.7350,604.5520,351.4744,0.0012
948,4.7400,639.9521,345.8366,0.0180
949,4.7450,676.2579,340.0616,0.0353
950,4.7500,707.5025,334.4021,0.0502
951,4.7550,729.9805,329.1488,0.0609
952,4.7600,752.2164,324.0038,0.0716
953,4.7650,766.9089,320.9962,0.0786
954,4.7700,774.9821,318.6193,0.0824
955,4.7750,777.5177,316.2932,0.0836
956,4.7800,773.3096,319.5140,0.0816
957,4.7850,764.2994,320.7422,0.0773
958,4.7900,748.1161,326.6417,0.0696
959,4.7950,724.4453,331.8199,0.0583
960,4.8000,699.4450,336.9360,0.0464
961,4.8050,661.9110,343.1424,0.0285
962,4.8100,622.6746,350.9070,0.0098
963,4.8150,585.7549,354.5032,-0.0078
964,4.8200,539.3658,359.6108,-0.0299
965,4.8250,490.2107,362.6754,-0.0533
966,4.8300,449.0888,363.5095,-0.0729
967,4.8350,398.0584,364.0191,-0.0973
968,4.8400,348.6090,362.7881,-0.1210
969,4.8450,306.1487,360.7306,-0.1414
970,4.8500,261.3958,357.7201,-0.1629
971,4.8550,217.4944,350.6678,-0.1842
972,4.8600,185.3470,345.7501,-0.1998
973,4.8650,151.1523,339.1777,-0.2164
974,4.8700,122.8444,334.1981,-0.2302
975,4.8750,103.7097,330.6190,-0.2396
976,4.8800,87.1060,325.9164,-0.2477
977,4.8850,77.0599,323.9116,-0.2527
978,4.8900,73.9730,322.7371,-0.2542
979,4.8950,77.5327,323.6302,-0.2525
980,4.9000,87.6954,328.1327,-0.2475
981,4.9050,103.7035,330.1671,-0.2396
982,4.9100,126.5139,335.5387,-0.2284
983,4.9150,157.6836,341.0819,-0.2132
984,4.9200,187.1498,346.1704,-0.1989
985,4.9250,233.1507,352.8263,-0.1766
986,4.9300,275.9734,357.7720,-0.1559
987,4.9350,316.9265,361.7822,-0.1362
988,4.9400,364.3377,365.0329,-0.1134
989,4.9450,413.5197,364.9305,-0.0899
990,4.9500,457.2942,363.3446,-0.0690
991,4.9550,507.0359,361.5154,-0.0453
992,4.9600,554.7150,357.1177,-0.0226
993,4.9650,593.1624,352.7285,-0.0042
994,4.9700,635.1153,347.2808,0.0157
995,4.9750,672.4391,340.6694,0.0335
996,4.9800,700.2873,335.1115,0.0468
997,4.9850,728.1464,328.9373,0.0601
998,4.9900,747.7802,324.5869,0.0694
999,4.9950,762.5422,320.3415,0.0765
1000,5.0000,773.6316,317.7894,0.0818
1001,5.0050,776.8808,316.8361,0.0833
1002,5.0100,774.7967,319.3823,0.0823
1003,5.0150,765.7204,320.4688,0.0780
1004,5.0200,752.2462,323.7881,0.0716
1005,5.0250,732.9932,330.1630,0.0624
1006,5.0300,707.1283,334.1484,0.0500
1007,5.0350,674.1923,341.7123,0.0344
1008,5.0400,641.6520,347.5115,0.0188
1009,5.0450,601.0806,353.6455,-0.0005
1010,5.0500,556.6516,358.4971,-0.0216
1011,5.0550,516.3927,361.5064,-0.0408
1012,5.0600,466.5988,363.7873,-0.0646
1013,5.0650,417.4630,363.9141,-0.0880
1014,5.0700,374.6811,364.3824,-0.1085
1015,5.0750,325.4420,361.6435,-0.1321
1016,5.0800,277.9299,357.4784,-0.1550
1017,5.0850,239.9404,353.5416,-0.1733
1018,5.0900,199.8284,348.1165,-0.1927
1019,5.0950,163.5702,342.0820,-0.2104
1020,5.1000,137.1938,337.0406,-0.2232
1021,5.1050,112.3460,331.4995,-0.2354
1022,5.1100,93.1485,327.9706,-0.2448
1023,5.1150,82.4232,326.2561,-0.2500
1024,5.1200,76.0567,323.7200,-0.2532
1025,5.1250,76.7820,323.7757,-0.2528
1026,5.1300,82.3054,324.8118,-0.2501
1027,5.1350,91.7274,328.9105,-0.2455
1028,5.1400,112.8327,333.2421,-0.2351
1029,5.1450,137.9770,337.1407,-0.2228
1030,5.1500,169.7501,342.6690,-0.2073
1031,5.1550,205.9918,350.9955,-0.1897
1032,5.1600,240.9028,353.9025,-0.1728
1033,5.1650,286.0146,358.7808,-0.1511
1034,5.1700,332.8736,362.0424,-0.1285
1035,5.1750,375.2716,363.9113,-0.1082
1036,5.1800,424.2133,363.8221,-0.0848
1037,5.1850,473.8014,363.1731,-0.0611
1038,5.1900,516.3412,360.8395,-0.0408
1039,5.1950,563.4835,356.1016,-0.0184
1040,5.2000,607.2413,351.2685,0.0025
1041,5.2050,640.3517,346.6530,0.0182
1042,5.2100,678.2012,339.9092,0.0363
1043,5.2150,709.4661,333.3914,0.0512
1044,5.2200,731.8243,328.4723,0.0618
1045,5.2250,751.5740,323.7641,0.0713
1046,5.2300,766.4540,320.3343,0.0784
1047,5.2350,773.5738,318.1374,0.0818
1048,5.2400,775.7861,317.7379,0.0828
1049,5.2450,770.9908,318.5616,0.0805
1050,5.2500,762.6407,321.1407,0.0765
1051,5.2550,747.0574,326.7093,0.0691
1052,5.2600,723.1171,331.3257,0.0577
1053,5.2650,700.2688,336.5305,0.0468
1054,5.2700,666.1332,342.9267,0.0305
1055,5.2750,628.3949,349.0862,0.0125
1056,5.2800,592.2383,353.7642,-0.0047
1057,5.2850,547.4468,358.7962,-0.0260
1058,5.2900,499.2586,362.9445,-0.0490
1059,5.2950,457.0773,363.3614,-0.0691
1060,5.3000,408.3191,365.1359,-0.0924
1061,5.3050,358.3192,363.3444,-0.1163
1062,5.3100,315.4505,359.5112,-0.1369
1063,5.3150,270.4740,356.6003,-0.1586
1064,5.3200,226.9088,352.0732,-0.1796
1065,5.3250,188.0824,346.3221,-0.1984
1066,5.3300,154.4090,340.5407,-0.2148
1067,5.3350,126.4770,335.9317,-0.2285
1068,5.3400,104.9335,330.4966,-0.2390
1069,5.3450,89.7392,325.8422,-0.2465
1070,5.3500,80.9993,325.7033,-0.2507
1071,5.3550,76.7229,323.2968,-0.2529
1072,5.3600,80.7071,325.6307,-0.2509
1073,5.3650,87.2654,328.4125,-0.2477
1074,5.3700,103.3325,330.2602,-0.2398
1075,5.3750,126.9922,335.4543,-0.2282
1076,5.3800,158.3111,341.2651,-0.2129
1077,5.3850,187.2970,346.2704,-0.1988
1078,5.3900,226.2517,352.1848,-0.1799
1079,5.3950,269.8004,356.5509,-0.1589
1080,5.4000,307.6447,361.2295,-0.1407
1081,5.4050,363.7075,363.8031,-0.1138
1082,5.4100,412.8645,363.8377,-0.0902
1083,5.4150,454.9083,363.5531,-0.0701
1084,5.4200,503.6057,362.3530,-0.0469
1085,5.4250,556.5902,357.1372,-0.0217
1086,5.4300,595.1730,353.0876,-0.0033
1087,5.4350,637.9905,346.5031,0.0171
1088,5.4400,673.3004,340.7507,0.0339
1089,5.4450,701.2222,334.9824,0.0472
1090,5.4500,731.8793,328.4471,0.0619
1091,5.4550,751.6721,324.4223,0.0713
1092,5.4600,763.0226,320.1185,0.0767
1093,5.4650,772.6247,317.9814,0.0813
1094,5.4700,774.7091,319.1639,0.0823
1095,5.4750,770.4055,318.7638,0.0802
1096,5.4800,760.1234,321.1035,0.0753
1097,5.4850,745.2255,326.8213,0.0682
1098,5.4900,725.2884,331.6122,0.0587
1099,5.4950,696.9042,337.3359,0.0452
1100,5.5000,663.7487,343.1387,0.0294
1101,5.5050,631.2922,349.2367,0.0139
1102,5.5100,589.4172,355.0836,-0.0060
1103,5.5150,545.0377,360.8959,-0.0272
1104,5.5200,503.9843,361.9979,-0.0467
1105,5.5250,447.5066,363.5992,-0.0737
1106,5.5300,397.7408,363.9355,-0.0975
1107,5.5350,355.6528,363.0091,-0.1176
1108,5.5400,306.1199,359.4557,-0.1414
1109,5.5450,255.3158,354.9702,-0.1659
1110,5.5500,219.0294,350.7035,-0.1834
1111,5.5550,181.8744,344.8892,-0.2015
1112,5.5600,149.2940,339.7223,-0.2173
1113,5.5650,126.3862,335.7774,-0.2285
1114,5.5700,104.0222,330.2684,-0.2394
1115,5.5750,88.9956,326.8932,-0.2468
1116,5.5800,81.0417,325.4081,-0.2507
1117,5.5850,77.7796,323.6844,-0.2523
1118,5.5900,82.2184,324.6755,-0.2501
1119,5.5950,91.7375,328.1578,-0.2455
1120,5.6000,107.9657,330.4488,-0.2375
1121,5.6050,131.0500,335.8042,-0.2262
1122,5.6100,154.3394,341.2146,-0.2149
1123,5.6150,188.5427,347.0327,-0.1982
1124,5.6200,235.4218,352.9681,-0.1755
1125,5.6250,272.3776,357.1924,-0.1576
1126,5.6300,317.8218,361.1163,-0.1358
1127,5.6350,374.5334,364.3550,-0.1086
1128,5.6400,415.1771,364.1882,-0.0891
1129,5.6450,464.5971,363.4868,-0.0655
1130,5.6500,514.1613,360.6466,-0.0419
1131,5.6550,554.1251,357.2510,-0.0228
1132,5.6600,598.6487,352.7837,-0.0016
1133,5.6650,639.3620,346.0900,0.0178
1134,5.6700,670.2903,340.9651,0.0325
1135,5.6750,700.9103,335.4175,0.0471
1136,5.6800,732.0389,328.2328,0.0619
1137,5.6850,749.6761,323.9487,0.0703
1138,5.6900,762.5621,320.3248,0.0765
1139,5.6950,771.6345,318.2473,0.0808
1140,5.7000,773.2942,317.7061,0.0816
1141,5.7050,768.6988,319.2281,0.0794
1142,5.7100,758.6569,322.1549,0.0746
1143,5.7150,744.2701,326.8244,0.0678
1144,5.7200,722.6610,331.9673,0.0575
1145,5.7250,694.8911,337.7516,0.0442
1146,5.7300,665.9767,342.8442,0.0304
1147,5.7350,628.9454,349.5061,0.0128
1148,5.7400,580.5668,354.4874,-0.0102
1149,5.7450,542.4850,359.6278,-0.0284
1150,5.7500,493.5074,362.7353,-0.0517
1151,5.7550,444.7021,363.6273,-0.0750
1152,5.7600,402.6526,364.1255,-0.0951
1153,5.7650,352.9973,363.1265,-0.1189
1154,5.7700,305.8080,361.3717,-0.1415
1155,5.7750,266.1114,356.1413,-0.1607
1156,5.7800,224.7847,351.6941,-0.1806
1157,5.7850,185.4218,346.1327,-0.1997
1158,5.7900,158.0454,341.5768,-0.2130
1159,5.7950,129.0411,335.7404,-0.2272
1160,5.8000,105.8218,330.0966,-0.2386
1161,5.8050,92.5547,327.9737,-0.2451
1162,5.8100,82.4321,326.4952,-0.2500
1163,5.8150,80.5647,325.4110,-0.2510
1164,5.8200,82.2042,326.7077,-0.2502
1165,5.8250,87.4594,328.0066,-0.2476
1166,5.8300,106.9008,330.3967,-0.2380
1167,5.8350,127.1979,335.8975,-0.2281
1168,5.8400,154.0485,342.5710,-0.2150
1169,5.8450,187.7482,346.2905,-0.1986
1170,5.8500,220.8763,350.6562,-0.1825
1171,5.8550,261.2925,357.1581,-0.1630
1172,5.8600,307.8663,360.4077,-0.1406
1173,5.8650,349.1524,362.8210,-0.1207
1174,5.8700,396.7727,364.2995,-0.0979
1175,5.8750,446.0907,363.4753,-0.0743
1176,5.8800,488.0933,361.9340,-0.0543
1177,5.8850,536.6575,358.8889,-0.0312
1178,5.8900,587.5644,353.8896,-0.0069
1179,5.8950,622.3693,348.2489,0.0097
1180,5.9000,666.4844,341.9766,0.0307
1181,5.9050,697.5134,336.2778,0.0455
1182,5.9100,722.2594,330.8467,0.0573
1183,5.9150,744.1675,325.4354,0.0677
1184,5.9200,759.4653,320.8192,0.0750
1185,5.9250,768.0808,319.5573,0.0791
1186,5.9300,770.3632,320.0609,0.0802
1187,5.9350,769.1058,319.0205,0.0796
1188,5.9400,762.4583,320.8803,0.0764
1189,5.9450,748.5632,326.2833,0.0698
1190,5.9500,727.5413,330.8674,0.0598
1191,5.9550,705.8705,334.5208,0.0494
1192,5.9600,673.9457,342.2453,0.0342
1193,5.9650,637.3632,348.2077,0.0168
1194,5.9700,601.9444,353.1694,-0.0001
1195,5.9750,558.1956,357.0298,-0.0209
1196,5.9800,511.6596,360.8147,-0.0431
1197,5.9850,469.6202,363.0737,-0.0631
1198,5.9900,421.0554,363.7266,-0.0863
1199,5.9950,372.9792,363.3967,-0.1093
1200,6.0000,329.7837,361.8636,-0.1300
1201,6.0050,283.9484,358.5931,-0.1521
1202,6.0100,239.9823,353.6009,-0.1733
1203,6.0150,205.2895,348.3616,-0.1901
1204,6.0200,170.4184,343.0915,-0.2070
1205,6.0250,139.0621,336.8625,-0.2223
1206,6.0300,117.8817,332.9897,-0.2327
1207,6.0350,100.2766,328.8709,-0.2413
1208,6.0400,86.6500,325.8751,-0.2480
1209,6.0450,81.4561,325.0894,-0.2505
1210,6.0500,82.2111,325.2365,-0.2502
1211,6.0550,88.7197,325.6552,-0.2470
1212,6.0600,99.9666,329.1992,-0.2414
1213,6.0650,114.6121,333.8516,-0.2343
1214,6.0700,144.6223,338.9201,-0.2196
1215,6.0750,170.6525,343.3610,-0.2069
1216,6.0800,206.1006,350.8459,-0.1897
1217,6.0850,247.2753,354.6370,-0.1698
1218,6.0900,284.2739,358.0950,-0.1519
1219,6.0950,330.4387,361.5814,-0.1297
1220,6.1000,379.7466,363.7448,-0.1061
1221,6.1050,420.1667,364.3680,-0.0867
1222,6.1100,470.1745,363.4034,-0.0628
1223,6.1150,518.7457,360.5713,-0.0397
1224,6.1200,556.3511,356.9266,-0.0218
1225,6.1250,601.5899,351.9450,-0.0002
1226,6.1300,640.2038,346.6143,0.0182
